INSERT INTO [dbo].[AspNetRoles] ([Id], [Name]) VALUES (N'2cb39843-b6d1-425a-b935-98f013539328', N'Admin')
INSERT INTO [dbo].[AspNetRoles] ([Id], [Name]) VALUES (N'a0ffcd5f-dab3-460b-861c-906e53f0951a', N'Leraar')
INSERT INTO [dbo].[AspNetRoles] ([Id], [Name]) VALUES (N'e5ccbcc1-f324-42f9-93a7-1ccc61cb37a2', N'Student')
INSERT INTO [dbo].[AspNetRoles] ([Id], [Name]) VALUES (N'293fb7e3-f5ca-4d73-aebd-76fa9744c034', N'Testrole')

INSERT INTO [dbo].[AspNetUsers] ([Id], [Email], [EmailConfirmed], [PasswordHash], [SecurityStamp], [PhoneNumber], [PhoneNumberConfirmed], [TwoFactorEnabled], [LockoutEndDateUtc], [LockoutEnabled], [AccessFailedCount], [UserName]) VALUES (N'1b9daccf-7abb-4c6b-b681-1ce6c51dd4ee', NULL, 0, N'AAUSPGdvmjLTqdrsZjAHGiAacX0sfRS5n6drolnNbqpNqGqeLEJkzH7XveZGx4fo9g==', N'8bcbdf34-818e-4059-92a9-9e7b5c923e95', NULL, 0, 0, NULL, 0, 0, N'Student4@mvc.net')
INSERT INTO [dbo].[AspNetUsers] ([Id], [Email], [EmailConfirmed], [PasswordHash], [SecurityStamp], [PhoneNumber], [PhoneNumberConfirmed], [TwoFactorEnabled], [LockoutEndDateUtc], [LockoutEnabled], [AccessFailedCount], [UserName]) VALUES (N'2ce3c2f0-3447-4365-a0bc-a381b4ef4d8d', NULL, 0, N'AMEunD1sQG9vbfhSgCDiZNNRFPCTaoAPT6uV0HhZ34xhSu2L+0f9ZlTILSCwwK7iCQ==', N'cf3cd42f-5ebb-4f51-bda7-fae76e2f6a9b', NULL, 0, 0, NULL, 0, 0, N'Admin@mvc.net')
INSERT INTO [dbo].[AspNetUsers] ([Id], [Email], [EmailConfirmed], [PasswordHash], [SecurityStamp], [PhoneNumber], [PhoneNumberConfirmed], [TwoFactorEnabled], [LockoutEndDateUtc], [LockoutEnabled], [AccessFailedCount], [UserName]) VALUES (N'328a5767-ffa9-45ff-94bb-95a9c8d5248d', NULL, 0, N'AEAaqCEw/FIxdhhxT6Gqt042CN8F4Oy9fZ37PxDwXMHHlC8/zhaCCoUoQC5B5JkXEg==', N'59c7d4d5-50bb-4269-9c01-48eb916688dd', NULL, 0, 0, NULL, 0, 0, N'Leraar3@mvc.net')
INSERT INTO [dbo].[AspNetUsers] ([Id], [Email], [EmailConfirmed], [PasswordHash], [SecurityStamp], [PhoneNumber], [PhoneNumberConfirmed], [TwoFactorEnabled], [LockoutEndDateUtc], [LockoutEnabled], [AccessFailedCount], [UserName]) VALUES (N'4a85f2fb-a28e-4138-8b6a-5d12deefc25b', NULL, 0, N'ADUGvIj7KbDgDsKk9vCoeitrv3c70AY0b34lwxuqR+pJ7mSwcO5R6v/cPdQYlqRmOA==', N'c5712059-ee71-4ac6-8409-b79a622cc437', NULL, 0, 0, NULL, 0, 0, N'Student1@mvc.net')
INSERT INTO [dbo].[AspNetUsers] ([Id], [Email], [EmailConfirmed], [PasswordHash], [SecurityStamp], [PhoneNumber], [PhoneNumberConfirmed], [TwoFactorEnabled], [LockoutEndDateUtc], [LockoutEnabled], [AccessFailedCount], [UserName]) VALUES (N'802a7115-4a56-4049-b5c9-764118f0caf2', NULL, 0, N'AIWAzzKibn0J9RrXfryfyqseQWCA3knffnYy8ns846hfVHU8Y2GQe/mqGwH7k+FOfA==', N'13958aaa-1f0d-4dcb-af8e-31ea24f763f2', NULL, 0, 0, NULL, 0, 0, N'Leraar2@mvc.net')
INSERT INTO [dbo].[AspNetUsers] ([Id], [Email], [EmailConfirmed], [PasswordHash], [SecurityStamp], [PhoneNumber], [PhoneNumberConfirmed], [TwoFactorEnabled], [LockoutEndDateUtc], [LockoutEnabled], [AccessFailedCount], [UserName]) VALUES (N'97c07930-62d9-441a-b82a-071b7fb2e15c', NULL, 0, N'ACdGRPza4S+ZeWi8gs6DnZt+ZqyBcRT3Ux9BTAsjUwEUjHyb17UDYIvs7JEMzTzfNA==', N'3f0e955e-b24a-4ace-8c39-95b26f2af202', NULL, 0, 0, NULL, 0, 0, N'Student2@mvc.net')
INSERT INTO [dbo].[AspNetUsers] ([Id], [Email], [EmailConfirmed], [PasswordHash], [SecurityStamp], [PhoneNumber], [PhoneNumberConfirmed], [TwoFactorEnabled], [LockoutEndDateUtc], [LockoutEnabled], [AccessFailedCount], [UserName]) VALUES (N'b9c91bbf-dc0d-4e69-bd73-eca2fb139da8', NULL, 0, N'ABWrObCEeUllgkV5cnwN7YWg4ZF5DtlF/nOTtBWthkaIzQeLXO5B+5ruWl6Pc1aEYg==', N'54155e7b-4df6-48fe-ab78-8b0cfc123a0c', NULL, 0, 0, NULL, 0, 0, N'Leraar1@mvc.net')
INSERT INTO [dbo].[AspNetUsers] ([Id], [Email], [EmailConfirmed], [PasswordHash], [SecurityStamp], [PhoneNumber], [PhoneNumberConfirmed], [TwoFactorEnabled], [LockoutEndDateUtc], [LockoutEnabled], [AccessFailedCount], [UserName]) VALUES (N'eabf16e2-973a-4f1d-a8ca-adeb7cc48be0', NULL, 0, N'APfKONDgvP3N8eizdaT0L80NDPH2RVBK3G5QwA7CCXbb0MFtI5ClnojurWFll9DqgA==', N'feb09a35-551c-45ab-aef0-fabd1968fa10', NULL, 0, 0, NULL, 0, 0, N'Student3@mvc.net')

INSERT INTO [dbo].[AspNetUserRoles] ([UserId], [RoleId]) VALUES (N'2ce3c2f0-3447-4365-a0bc-a381b4ef4d8d', N'2cb39843-b6d1-425a-b935-98f013539328')
INSERT INTO [dbo].[AspNetUserRoles] ([UserId], [RoleId]) VALUES (N'b9c91bbf-dc0d-4e69-bd73-eca2fb139da8', N'2cb39843-b6d1-425a-b935-98f013539328')
INSERT INTO [dbo].[AspNetUserRoles] ([UserId], [RoleId]) VALUES (N'328a5767-ffa9-45ff-94bb-95a9c8d5248d', N'a0ffcd5f-dab3-460b-861c-906e53f0951a')
INSERT INTO [dbo].[AspNetUserRoles] ([UserId], [RoleId]) VALUES (N'802a7115-4a56-4049-b5c9-764118f0caf2', N'a0ffcd5f-dab3-460b-861c-906e53f0951a')
INSERT INTO [dbo].[AspNetUserRoles] ([UserId], [RoleId]) VALUES (N'b9c91bbf-dc0d-4e69-bd73-eca2fb139da8', N'a0ffcd5f-dab3-460b-861c-906e53f0951a')
INSERT INTO [dbo].[AspNetUserRoles] ([UserId], [RoleId]) VALUES (N'1b9daccf-7abb-4c6b-b681-1ce6c51dd4ee', N'e5ccbcc1-f324-42f9-93a7-1ccc61cb37a2')
INSERT INTO [dbo].[AspNetUserRoles] ([UserId], [RoleId]) VALUES (N'4a85f2fb-a28e-4138-8b6a-5d12deefc25b', N'e5ccbcc1-f324-42f9-93a7-1ccc61cb37a2')
INSERT INTO [dbo].[AspNetUserRoles] ([UserId], [RoleId]) VALUES (N'97c07930-62d9-441a-b82a-071b7fb2e15c', N'e5ccbcc1-f324-42f9-93a7-1ccc61cb37a2')
INSERT INTO [dbo].[AspNetUserRoles] ([UserId], [RoleId]) VALUES (N'eabf16e2-973a-4f1d-a8ca-adeb7cc48be0', N'e5ccbcc1-f324-42f9-93a7-1ccc61cb37a2')

GO

--Het wachtwoord voor user Admin@mvc.net is Admin0
--Het wachtwoord voor user Student1@mvc.net is Student1, voor Student2@mvc.net is dat Student2, enz.
--Het wachtwoord voor user Leraar1@mvc.net is Leraar1, voor Leraar2@mvc.net is dat Leraar2, enz.

--De Admin en Leraar1 behoren tot de rol Admin
--Alle leraren behoren tot de rol Leraar
--Alle studenten behoren tot de rol Student